id;code;name;credit_limit;rating;is_active;phone;address_line_1;address_line_2;city;country;email;transaction_id;location_code;tenant_code
1;Assistant;Market;80068;71664;false;764.391.1283;index;auxiliary experiences;South Winfieldmouth;Macedonia;Gladyce.Rippin@yahoo.com;Tennessee Chile Extended;Pa'anga azure online;JBOD
2;Progressive;intelligence;76676;9906;false;264.869.2832 x385;deposit digital Compatible;Kids;New Dalestad;Ukraine;Maxine_Gislason61@hotmail.com;Chair Directives;Loan Lead;RSS COM
3;Court Loan Rustic;application;82424;15515;true;645.351.8271;Ports Future transmitting;Cliff Metrics;West Willland;Morocco;Dangelo42@hotmail.com;Product maroon;Shoes overriding Japan;invoice
4;gold high-level;transitional intuitive black;10944;2302;true;496.281.9476 x8806;Open-source parsing Ramp;Human New;San Buenaventura (Ventura);Macao;Sydney.OKeefe@yahoo.com;Brand RAM Global;quantify generating;Sausages user indexing
5;transmitter salmon Executive;up neural;16860;19934;false;1-857-644-6712 x8503;transmit Freeway;Beauty XSS Curve;Cristfort;Jersey;Carmen.Bergstrom60@yahoo.com;online deposit Specialist;compress user;Ville Minnesota array
6;Future Refined;transparent Peso;97781;26590;true;1-856-302-9898 x989;Fantastic Bedfordshire Connecticut;Nebraska;Willtown;Philippines;Holden_Wuckert2@gmail.com;Music open-source;Well;backing ability
7;(Malvinas) Lakes;blockchains;25620;89549;false;786-544-8557;reboot Georgia;parse Somalia Markets;South Eliane;Cook Islands;Sydni.Morissette@hotmail.com;Concrete monitor Handcrafted;Sports Fish Tenge;PCI
8;convergence Program;Function-based SDD;69887;30264;true;(755) 590-7161 x6529;drive Tools;Supervisor Course sky;Swaniawskistad;El Salvador;Judd74@yahoo.com;Afghanistan;Usability SDR;Specialist Ergonomic
9;streamline;Car Berkshire;69187;88930;true;1-464-269-6001 x281;Libyan;portals Shoes Utah;New Zeldastad;Georgia;Adella.Hoeger@hotmail.com;grow Program Kyat;Analyst virtual User-centric;contingency
10;indexing;fuchsia;87554;46242;false;1-975-366-6895 x36106;Lead;Morocco Unbranded programming;North Mohamedtown;Canada;Mylene97@hotmail.com;Sausages virtual Small;Future-proofed;cohesive withdrawal
